id,name,name_vi,region,primary_category,tags,description,description_vi,price_level,avg_rating,num_reviews,best_for,trip_duration
1,Ha Long Bay,Vịnh Hạ Long,north,nature,"beach,nature,sightseeing,relaxation","Ha Long Bay is a UNESCO World Heritage Site with thousands of limestone islands rising from emerald waters. Perfect for boat cruises, kayaking, and stunning sunsets.","Vịnh Hạ Long là Di sản Thế giới UNESCO với hàng nghìn đảo đá vôi nhô lên từ làn nước xanh ngọc. Lý tưởng cho du thuyền, chèo kayak và ngắm hoàng hôn tuyệt đẹp.",2,4.8,1250,couple|family|friends,short|long
2,Sapa,Sa Pa,north,mountain,"mountain,adventure,culture,trekking,nature","Sapa is a misty highland town famous for dramatic terraced rice fields and colorful ethnic minority markets. Excellent for trekking to Fansipan and exploring hill tribe villages.","Sa Pa là thị trấn miền núi sương mù nổi tiếng với ruộng bậc thang và chợ phiên đầy màu sắc của các dân tộc thiểu số. Tuyệt vời cho trekking lên Fansipan.",2,4.6,980,solo|couple|friends,short|long
3,Hanoi,Hà Nội,north,city,"city,culture,food,historical,sightseeing","Hanoi is Vietnam's vibrant capital with a mix of French colonial architecture, ancient temples, and bustling street food markets. The Old Quarter's 36 streets offer an authentic cultural experience.","Hà Nội là thủ đô sôi động của Việt Nam với kiến trúc thuộc địa Pháp, đền chùa cổ kính và chợ ẩm thực đường phố. Phố cổ 36 phố phường mang lại trải nghiệm văn hóa đích thực.",1,4.5,1420,solo|couple|family|friends,short|long
4,Ninh Binh,Ninh Bình,north,nature,"nature,historical,sightseeing,relaxation","Ninh Binh is called the Ha Long Bay on land with dramatic karst landscape, ancient temples, and tranquil rivers. Boat trips through Trang An and Hoa Lu ancient capital are highlights.","Ninh Bình được mệnh danh là Hạ Long trên cạn với địa hình karst ấn tượng, đền chùa cổ và sông nước yên bình. Chèo thuyền Tràng An và tham quan kinh đô Hoa Lư là điểm nhấn.",1,4.4,820,couple|family,short
5,Ha Giang,Hà Giang,north,mountain,"mountain,adventure,nature,culture","Ha Giang offers the most dramatic mountain scenery in Vietnam. The Ma Pi Leng Pass and Dong Van Karst Plateau are UNESCO-listed geological wonders that attract adventure seekers.","Hà Giang mang đến cảnh quan núi non hùng vĩ nhất Việt Nam. Đèo Mã Pí Lèng và Cao nguyên đá Đồng Văn là kỳ quan địa chất UNESCO hút hồn những tín đồ phiêu lưu.",1,4.7,650,solo|friends,long
6,Mai Chau,Mai Châu,north,culture,"culture,nature,relaxation,food","Mai Chau is a peaceful valley where the White Thai ethnic minority live in traditional stilt houses. Rice paddies and bicycle tours make for a perfect relaxing getaway from Hanoi.","Mai Châu là thung lũng bình yên nơi người Thái Trắng sống trong nhà sàn truyền thống. Ruộng lúa và đạp xe là trải nghiệm thư giãn hoàn hảo từ Hà Nội.",1,4.3,410,couple|family|friends,short
7,Ba Be Lake,Hồ Ba Bể,north,nature,"nature,adventure,relaxation,culture","Ba Be Lake is Vietnam's largest freshwater lake nestled in a national park. Home to rare wildlife, Tay ethnic villages, and pristine jungle trekking trails away from tourist crowds.","Hồ Ba Bể là hồ nước ngọt lớn nhất Việt Nam nằm trong vườn quốc gia. Nơi đây có động vật quý hiếm, bản làng người Tày và đường mòn rừng nguyên sinh.",1,4.4,310,family|friends,short
8,Moc Chau,Mộc Châu,north,nature,"nature,relaxation,food,mountain","Moc Chau plateau is famous for its green tea hills, white plum blossoms in spring, and fresh dairy products. A relaxing highland escape within easy driving distance of Hanoi.","Cao nguyên Mộc Châu nổi tiếng với đồi chè xanh mướt, hoa mận trắng mùa xuân và sản phẩm sữa tươi ngon. Điểm nghỉ dưỡng miền núi thư giãn gần Hà Nội.",1,4.2,280,couple|friends,short
9,Bai Tu Long Bay,Vịnh Bái Tử Long,north,nature,"beach,nature,relaxation,adventure","Bai Tu Long Bay is a less-crowded alternative to Ha Long Bay with pristine islands, hidden beaches, and excellent diving spots. Ideal for travelers wanting to escape the tourist masses.","Vịnh Bái Tử Long là lựa chọn ít đông đúc hơn Hạ Long với đảo nguyên sơ, bãi biển ẩn và điểm lặn biển tuyệt vời. Lý tưởng cho du khách muốn tránh đám đông.",3,4.7,220,couple|friends,short
10,Cao Bang,Cao Bằng,north,nature,"nature,adventure,historical,culture","Cao Bang features the stunning Ban Gioc Waterfall, one of the largest waterfalls in Southeast Asia, along with Pac Bo Cave where Ho Chi Minh once lived during the resistance.","Cao Bằng có thác Bản Giốc hùng vĩ, một trong những thác nước lớn nhất Đông Nam Á, cùng hang Pác Bó nơi Chủ tịch Hồ Chí Minh từng ẩn náu trong kháng chiến.",1,4.3,290,solo|friends,long
11,Hoi An,Hội An,central,culture,"culture,historical,food,sightseeing,relaxation","Hoi An is a UNESCO-listed ancient trading port famous for lantern-lit streets, expert tailors, and outstanding culinary specialties like Cao Lau and White Rose Dumplings.","Hội An là thương cảng cổ UNESCO nổi tiếng với phố đèn lồng, thợ may tài hoa và đặc sản ẩm thực như Cao Lầu và Bánh Bao Vạc.",2,4.8,1680,couple|family|friends,short|long
12,Da Nang,Đà Nẵng,central,city,"beach,city,food,adventure,sightseeing","Da Nang is a modern coastal city with excellent beaches, the iconic Golden Bridge, and easy access to both Hoi An and Hue. One of Vietnam's most livable and dynamic cities.","Đà Nẵng là thành phố biển hiện đại với bãi biển đẹp, Cầu Vàng nổi tiếng và dễ dàng đến Hội An và Huế. Là một trong những thành phố năng động nhất Việt Nam.",2,4.6,1350,solo|couple|family|friends,short|long
13,Hue,Huế,central,historical,"historical,culture,food,sightseeing","Hue was Vietnam's imperial capital for over a century with a stunning Citadel complex, royal tombs, and pagodas. The city is equally famous for its refined royal cuisine.","Huế là cố đô của Việt Nam hơn một thế kỷ với quần thể kinh thành, lăng tẩm và chùa chiền tuyệt đẹp. Thành phố cũng nổi tiếng với ẩm thực cung đình tinh tế.",1,4.5,1050,couple|family|solo,short|long
14,Phong Nha,Phong Nha,central,nature,"nature,adventure,sightseeing,culture","Phong Nha-Ke Bang National Park contains the world's largest cave systems including Son Doong Cave. It offers extraordinary cave exploration, jungle trekking, and cycling through karst forests.","Vườn Quốc gia Phong Nha-Kẻ Bàng chứa hệ thống hang động lớn nhất thế giới với hang Sơn Đoòng. Nơi đây mang lại trải nghiệm khám phá hang động và trekking rừng tuyệt vời.",1,4.7,740,friends|family,long
15,My Son Sanctuary,Thánh Địa Mỹ Sơn,central,historical,"historical,culture,sightseeing","My Son is a UNESCO World Heritage Site and the most important Cham Hindu temple complex in Vietnam, dating to the 4th century. Atmospheric ruins make for a meaningful day trip from Hoi An.","Thánh địa Mỹ Sơn là Di sản UNESCO và quần thể đền Hindu Chăm quan trọng nhất Việt Nam từ thế kỷ 4. Những tàn tích đầy ấn tượng này là điểm tham quan hấp dẫn từ Hội An.",1,4.2,580,solo|couple,short
16,Quy Nhon,Quy Nhơn,central,beach,"beach,relaxation,food,nature","Quy Nhon is an off-the-beaten-path coastal city with beautiful uncrowded beaches, fresh seafood, and authentic local life. A genuine Vietnamese beach experience without tourist masses.","Quy Nhơn là thành phố ven biển ít được biết đến với bãi biển đẹp, hải sản tươi và cuộc sống địa phương chân thực. Trải nghiệm biển Việt Nam đích thực không đông đúc.",1,4.4,390,couple|solo|friends,short
17,Ba Na Hills,Bà Nà Hills,central,nature,"nature,relaxation,sightseeing,adventure","Ba Na Hills is a French hill station resort near Da Nang featuring the famous Golden Bridge, a miniature French village, and cool mountain air year-round. Great for all ages.","Bà Nà Hills là khu nghỉ dưỡng đồi Pháp gần Đà Nẵng nổi tiếng với Cầu Vàng, làng Pháp thu nhỏ và khí hậu mát mẻ quanh năm. Phù hợp với mọi lứa tuổi.",2,4.3,870,family|couple|friends,short
18,Bach Ma National Park,Vườn Quốc Gia Bạch Mã,central,nature,"nature,adventure,relaxation","Bach Ma National Park sits on a misty mountain range between Hue and Da Nang. Rich biodiversity, cool climate, stunning waterfalls, and very few tourists make it ideal for nature lovers.","Vườn Quốc gia Bạch Mã nằm trên dãy núi sương mù giữa Huế và Đà Nẵng. Đa dạng sinh học phong phú, khí hậu mát mẻ và ít khách du lịch, lý tưởng cho người yêu thiên nhiên.",1,4.2,190,friends|solo,short
19,Nha Trang,Nha Trang,central,beach,"beach,city,food,relaxation,adventure","Nha Trang is Vietnam's premier beach resort city with a long sandy bay, crystal clear waters, vibrant nightlife, and excellent snorkeling and island hopping opportunities.","Nha Trang là thành phố resort biển hàng đầu với vịnh biển dài, làn nước trong xanh, đời sống về đêm sôi động và lặn biển cùng khám phá đảo tuyệt vời.",2,4.4,1290,solo|couple|family|friends,short|long
20,Lang Co Beach,Bãi Biển Lăng Cô,central,beach,"beach,relaxation,nature","Lang Co is a tranquil lagoon and beach town nestled between the Hai Van Pass and the ocean. Calm waters, white sand, and mountain backdrop make it one of Vietnam's most picturesque beach spots.","Lăng Cô là thị trấn đầm phá và bãi biển yên bình giữa đèo Hải Vân và biển cả. Làn nước êm đềm và cát trắng làm đây là một trong những bãi biển đẹp nhất Việt Nam.",1,4.1,210,couple|family,short
21,Ho Chi Minh City,TP. Hồ Chí Minh,south,city,"city,food,culture,historical,sightseeing","Ho Chi Minh City, known as Saigon, is Vietnam's economic powerhouse with world-class dining, war museums, vibrant nightlife, and easy access to the Mekong Delta and Cu Chi Tunnels.","Thành phố Hồ Chí Minh, tức Sài Gòn, là trung tâm kinh tế sôi động của Việt Nam với ẩm thực đẳng cấp, bảo tàng chiến tranh, đời sống về đêm và nhiều điểm tham quan lịch sử.",2,4.6,1850,solo|couple|family|friends,short|long
22,Phu Quoc Island,Đảo Phú Quốc,south,beach,"beach,relaxation,nature,food","Phu Quoc is Vietnam's largest island with pristine white beaches, crystal clear waters, and a growing resort scene. Famous for fish sauce, pepper farms, and stunning night market sunsets.","Phú Quốc là đảo lớn nhất Việt Nam với bãi biển trắng nguyên sơ, làn nước trong xanh và khu nghỉ dưỡng phát triển. Nổi tiếng với nước mắm, vườn tiêu và hoàng hôn ở chợ đêm.",3,4.8,1480,couple|family|friends,short|long
23,Da Lat,Đà Lạt,south,mountain,"mountain,nature,relaxation,food,adventure","Da Lat is Vietnam's flower city, a cool highland resort town surrounded by pine forests, waterfalls, and gardens. Famous for strawberries, artichokes, and romantic French colonial architecture.","Đà Lạt là thành phố hoa của Việt Nam, khu nghỉ dưỡng miền núi mát mẻ bao quanh bởi rừng thông, thác nước và vườn hoa. Nổi tiếng với dâu tây, atiso và kiến trúc Pháp lãng mạn.",1,4.6,1120,couple|friends|family,short|long
24,Con Dao Islands,Côn Đảo,south,beach,"beach,nature,adventure,relaxation","Con Dao is an archipelago with pristine national park beaches, excellent diving, and a significant historical prison site. Often rated Vietnam's best-kept secret for beach lovers and divers.","Côn Đảo là quần đảo với bãi biển vườn quốc gia nguyên sơ, lặn biển tuyệt vời và khu di tích nhà tù lịch sử. Thường được coi là thiên đường ẩn của Việt Nam cho người yêu biển.",2,4.7,490,couple|solo,short|long
25,Mekong Delta,Đồng Bằng Sông Cửu Long,south,culture,"culture,food,nature,sightseeing","The Mekong Delta is Vietnam's rice bowl, a maze of rivers, floating markets, tropical fruit orchards, and traditional villages. Boat trips to Cai Rang floating market are unmissable.","Đồng bằng sông Cửu Long là vựa lúa của Việt Nam với chợ nổi, vườn trái cây nhiệt đới và làng truyền thống. Chèo thuyền đến chợ nổi Cái Răng là trải nghiệm không thể bỏ qua.",1,4.4,620,family|friends|couple,short|long
26,Vung Tau,Vũng Tàu,south,beach,"beach,relaxation,city,food","Vung Tau is a popular weekend escape from Ho Chi Minh City with decent beaches, fresh seafood, and the iconic Christ the King statue on the hilltop. A relaxed short getaway destination.","Vũng Tàu là điểm trốn thoát cuối tuần từ TP.HCM với bãi biển đẹp, hải sản tươi và tượng Chúa Kitô Vua trên đồi. Điểm nghỉ ngắn thư giãn lý tưởng.",1,4.1,730,family|friends,short
27,Can Tho,Cần Thơ,south,culture,"culture,food,nature,sightseeing","Can Tho is the Mekong Delta capital and gateway to famous floating markets. The Cai Rang floating market at dawn, riverside restaurants, and tropical gardens create an authentic southern experience.","Cần Thơ là thủ phủ Đồng bằng sông Cửu Long và cửa ngõ chợ nổi nổi tiếng. Chợ nổi Cái Răng lúc bình minh và nhà hàng ven sông tạo trải nghiệm miền Nam đích thực.",1,4.3,470,family|couple,short|long
28,Cat Tien National Park,Vườn Quốc Gia Cát Tiên,south,nature,"nature,adventure,relaxation","Cat Tien National Park is one of Vietnam's most important biodiversity hotspots. Night safari tours, birding, and jungle trekking through lush lowland rainforest are major draws.","Vườn Quốc gia Cát Tiên là khu đa dạng sinh học quan trọng nhất Việt Nam. Safari đêm, ngắm chim và trekking rừng mưa nhiệt đới là điểm thu hút chính.",1,4.5,280,friends|family|solo,short|long
29,Mui Ne,Mũi Né,south,beach,"beach,adventure,relaxation","Mui Ne is Vietnam's kite-surfing capital with dramatic red and white sand dunes, a charming fishing village, and consistent sea winds. Sand dunes at sunrise offer stunning photography.","Mũi Né là thủ đô lướt ván diều của Việt Nam với đồi cát đỏ và trắng ấn tượng, làng chài quyến rũ và gió biển ổn định. Đồi cát lúc bình minh là cơ hội chụp ảnh tuyệt vời.",1,4.3,590,friends|couple,short|long
30,Cu Chi Tunnels,Địa Đạo Củ Chi,south,historical,"historical,adventure,culture,sightseeing","The Cu Chi Tunnels are an extraordinary underground network used by fighters during the Vietnam War. Visitors can crawl through tunnel sections and learn about wartime ingenuity and resilience.","Địa đạo Củ Chi là mạng lưới hầm ngầm phi thường được sử dụng trong chiến tranh Việt Nam. Du khách có thể chui qua các đoạn hầm và tìm hiểu về sự tài tình thời chiến.",1,4.3,980,friends|family|solo,short
